-- ============================================================
-- 09 — COMMUNITY CHALLENGES + EVENTS
-- ============================================================

-- ── COMMUNITY CHALLENGES ────────────────────────────────────

INSERT INTO community_challenges (
  id, created_by, title, description,
  type, target_value, unit,
  start_date, end_date, is_flash, status,
  approved_by, approved_at
) VALUES

('c1000000-0000-0000-0000-000000000001',
 'a0000000-0000-0000-0000-000000000001',
 'Défi Janvier : 200 km collectifs',
 'Courons 200 km ensemble en janvier !',
 'running', 200000, 'm',
 '2026-01-01T00:00:00Z', '2026-01-31T23:59:59Z',
 false, 'approved',
 'a0000000-0000-0000-0000-000000000001', '2025-12-28T10:00:00Z'),

('c1000000-0000-0000-0000-000000000002',
 'a0000000-0000-0000-0000-000000000003',
 '⚡ Flash : 50 000 kg en 24h',
 'Tous ensemble : 50 000 kg de tonnage en 24 heures !',
 'musculation', 50000, 'kg',
 '2026-02-15T08:00:00Z', '2026-02-16T08:00:00Z',
 true, 'approved',
 'a0000000-0000-0000-0000-000000000001', '2026-02-14T20:00:00Z'),

('c1000000-0000-0000-0000-000000000003',
 'a0000000-0000-0000-0000-000000000002',
 'Défi Mars : 300 km collectifs',
 'On vise 300 km pour fêter le printemps !',
 'running', 300000, 'm',
 '2026-03-01T00:00:00Z', '2026-03-31T23:59:59Z',
 false, 'approved',
 'a0000000-0000-0000-0000-000000000001', '2026-02-26T10:00:00Z'),

('c1000000-0000-0000-0000-000000000004',
 'a0000000-0000-0000-0000-000000000001',
 'Défi Crossfit : 10 WODs collectifs',
 'Complètons 10 WODs ensemble ce mois-ci !',
 'crossfit', 10, 'wods',
 '2026-03-01T00:00:00Z', '2026-03-31T23:59:59Z',
 false, 'approved',
 'a0000000-0000-0000-0000-000000000001', '2026-02-28T10:00:00Z');

-- ── CHALLENGE PARTICIPATIONS ─────────────────────────────────

INSERT INTO challenge_participations
  (challenge_id, user_id, contribution, completed, completed_at)
VALUES
-- Défi Janvier running (c1)
('c1000000-0000-0000-0000-000000000001',
 'a0000000-0000-0000-0000-000000000001', 47000, true, '2026-01-28T20:00:00Z'),
('c1000000-0000-0000-0000-000000000001',
 'a0000000-0000-0000-0000-000000000003', 92097, true, '2026-01-25T07:00:00Z'),
('c1000000-0000-0000-0000-000000000001',
 'a0000000-0000-0000-0000-000000000004', 18000, false, NULL),
('c1000000-0000-0000-0000-000000000001',
 'a0000000-0000-0000-0000-000000000002', 10000, false, NULL),

-- Flash musculation 24h (c2)
('c1000000-0000-0000-0000-000000000002',
 'a0000000-0000-0000-0000-000000000001', 9600, true, '2026-02-15T14:00:00Z'),
('c1000000-0000-0000-0000-000000000002',
 'a0000000-0000-0000-0000-000000000002', 15200, true, '2026-02-15T16:00:00Z'),
('c1000000-0000-0000-0000-000000000002',
 'a0000000-0000-0000-0000-000000000005', 11400, true, '2026-02-15T18:00:00Z'),

-- Défi Mars running (c3 — en cours)
('c1000000-0000-0000-0000-000000000003',
 'a0000000-0000-0000-0000-000000000001', 26000, false, NULL),
('c1000000-0000-0000-0000-000000000003',
 'a0000000-0000-0000-0000-000000000002', 4000, false, NULL),
('c1000000-0000-0000-0000-000000000003',
 'a0000000-0000-0000-0000-000000000003', 28000, false, NULL),
('c1000000-0000-0000-0000-000000000003',
 'a0000000-0000-0000-0000-000000000004', 5000, false, NULL),

-- Défi Crossfit Mars (c4 — en cours)
('c1000000-0000-0000-0000-000000000004',
 'a0000000-0000-0000-0000-000000000001', 2, false, NULL),
('c1000000-0000-0000-0000-000000000004',
 'a0000000-0000-0000-0000-000000000003', 2, false, NULL),
('c1000000-0000-0000-0000-000000000004',
 'a0000000-0000-0000-0000-000000000004', 1, false, NULL),
('c1000000-0000-0000-0000-000000000004',
 'a0000000-0000-0000-0000-000000000005', 2, false, NULL);

-- ── EVENTS ──────────────────────────────────────────────────

INSERT INTO events (id, user_id, title, description, event_date, type) VALUES
('e1000000-0000-0000-0000-000000000001',
 'a0000000-0000-0000-0000-000000000003',
 'Semi-marathon de Nancy',
 'Objectif : sub 1h35. Bib récupéré, prêt !',
 '2026-04-12', 'course'),

('e1000000-0000-0000-0000-000000000002',
 'a0000000-0000-0000-0000-000000000004',
 '10 km de Metz',
 'Première course officielle !',
 '2026-04-26', 'course'),

('e1000000-0000-0000-0000-000000000003',
 'a0000000-0000-0000-0000-000000000002',
 'Powerlifting Open',
 'Compétition de force : SDT, Squat, DC',
 '2026-06-07', 'competition'),

('e1000000-0000-0000-0000-000000000004',
 'a0000000-0000-0000-0000-000000000001',
 'Trail des Crêtes 25 km',
 '25 km de trail en montagne, 800m D+',
 '2026-05-24', 'trail'),

('e1000000-0000-0000-0000-000000000005',
 'a0000000-0000-0000-0000-000000000001',
 'Crossfit Open 2026',
 'Participation aux qualifications Open',
 '2026-05-01', 'competition'),

-- Événement passé
('e1000000-0000-0000-0000-000000000006',
 'a0000000-0000-0000-0000-000000000003',
 'Semi-marathon de Paris',
 'Terminé en 1h42 — nouveau PR !',
 '2026-02-22', 'course');

-- ── EVENT PARTICIPATIONS ─────────────────────────────────────

INSERT INTO event_participations (event_id, user_id) VALUES
('e1000000-0000-0000-0000-000000000001', 'a0000000-0000-0000-0000-000000000003'),
('e1000000-0000-0000-0000-000000000001', 'a0000000-0000-0000-0000-000000000001'),
('e1000000-0000-0000-0000-000000000002', 'a0000000-0000-0000-0000-000000000004'),
('e1000000-0000-0000-0000-000000000003', 'a0000000-0000-0000-0000-000000000002'),
('e1000000-0000-0000-0000-000000000003', 'a0000000-0000-0000-0000-000000000005'),
('e1000000-0000-0000-0000-000000000004', 'a0000000-0000-0000-0000-000000000001'),
('e1000000-0000-0000-0000-000000000005', 'a0000000-0000-0000-0000-000000000001'),
('e1000000-0000-0000-0000-000000000005', 'a0000000-0000-0000-0000-000000000002'),
('e1000000-0000-0000-0000-000000000005', 'a0000000-0000-0000-0000-000000000005'),
('e1000000-0000-0000-0000-000000000006', 'a0000000-0000-0000-0000-000000000003')
ON CONFLICT DO NOTHING;
